model,uom,mae,mse,rmes,r2
ChemProp_DMPNN,pic50,0.429696,0.423512,0.650778,0.748785
MPNN_net,pic50,0.4515023,0.4911605,0.7008285,0.7086573
svm,pic50,0.4346698,0.4794532,0.6924256,0.7156018
xgboost,pic50,0.4491712,0.4334153,0.6583428,0.7429102
rf,pic50,0.3983493,0.4124591,0.6422298,0.7553408
