model,uom,mae,mse,rmes,r2
ChemProp_DMPNN,pic50,0.465744,0.502776,0.709067,0.753669
MPNN_net,pic50,0.5652586,0.685418,0.8278997,0.6641849
svm,pic50,0.453393642,0.595551951,0.771720125,0.708214104
xgboost,pic50,0.456805811,0.47549453,0.689561114,0.767035246
rf,pic50,0.453971627,0.577450025,0.759901326,0.717082977
