model,uom,mae,mse,rmes,r2
ChemProp_DMPNN,pic50,0.354817,0.377047,0.614042,0.823793
MPNN_net,pic50,0.4574129,0.5283111,0.7268501,0.7531022
svm,pic50,0.352646939,0.408398359,0.639060529,0.809141695
xgboost,pic50,0.377616295,0.382378603,0.618367692,0.82130152
rf,pic50,0.325154579,0.361323973,0.601102299,0.831141174
