model,uom,mae,mse,rmes,r2
ChemProp_DMPNN,pic50,0.175929,0.162567,0.403196,0.926553
MPNN_net,pic50,0.3861036,0.4658549,0.6825356,0.7895305
svm,pic50,0.184910187,0.134461181,0.366689489,0.939251482
xgboost,pic50,0.196452574,0.145268824,0.381141475,0.93436867
rf,pic50,0.157984068,0.133119562,0.364855536,0.939857662
