model,uom,mae,mse,rmes,r2
ChemProp_DMPNN,pic50,0.325783,0.218999,0.467973,0.826157
MPNN_net,pic50,0.3614093,0.2867816,0.5355199,0.772351
svm,pic50,0.3088494,0.2467342,0.4967234,0.804141
xgboost,pic50,0.3374038,0.2373523,0.4871881,0.8115883
rf,pic50,0.2816016,0.2172125,0.4660606,0.8275753
