model,uom,mae,mse,rmes,r2
ChemProp_DMPNN,pic50,0.830598,1.645249,1.282673,0.627028
xgboost,pic50,0.739574548,1.587780577,1.260071655,0.640056252
rf,pic50,0.698811387,1.384944503,1.176836651,0.686038435
