model,uom,mae,mse,rmes,r2
ChemProp_DMPNN,pic50,0.406182,0.386608,0.621778,0.800629
MPNN_net,pic50,0.4240913,0.4500247,0.6708388,0.767926
svm,pic50,0.38856,0.381787,0.6178891,0.8031155
xgboost,pic50,0.3950689,0.362286,0.601902,0.8131721
rf,pic50,0.3392343,0.3192551,0.5650266,0.8353625
