model,uom,mae,mse,rmes,r2
svm,pic50,0.4255652,0.6002093,0.7747318,0.5963174
xgboost,pic50,0.4592833,0.573198,0.7570984,0.6144847
rf,pic50,0.3966378,0.5157017,0.7181237,0.6531547
