model,uom,mae,mse,rmes,r2
ChemProp_DMPNN,pic50,0.328288,0.279696,0.528863,0.877343
MPNN_net,pic50,0.4646551,0.4428222,0.6654489,0.8058062
svm,pic50,0.303795697,0.230039563,0.479624398,0.899119318
xgboost,pic50,0.326776565,0.255099104,0.505073365,0.888129652
rf,pic50,0.296477436,0.241447961,0.491373545,0.894116282
