model,uom,mae,mse,rmes,r2
ChemProp_DMPNN,pic50,0.365861,0.337147,0.580644,0.849544
MPNN_net,pic50,0.3960689,0.4444505,0.6666712,0.8016589
svm,pic50,0.3415992,0.392351,0.6263793,0.8249092
xgboost,pic50,0.3742899,0.3567383,0.5972758,0.8408016
rf,pic50,0.3202425,0.3899614,0.6244689,0.8259755
