model,uom,mae,mse,rmes,r2
ChemProp_DMPNN,pic50,0.288071,0.180124,0.42441,0.846289
MPNN_net,pic50,0.3473184,0.2596263,0.5095354,0.7784443
svm,pic50,0.2830436,0.1980809,0.4450628,0.8309649
xgboost,pic50,0.2977972,0.20402,0.4516857,0.8258969
rf,pic50,0.265702,0.1864483,0.4317966,0.8408919
