model,uom,mae,mse,rmes,r2
ChemProp_DMPNN,pic50,0.439367,0.415846,0.644861,0.754867
MPNN_net,pic50,0.5410887,0.5890423,0.7674909,0.6527709
svm,pic50,0.4286762,0.4393851,0.6628613,0.7409908
xgboost,pic50,0.442806,0.3963788,0.6295862,0.7663423
rf,pic50,0.3926435,0.3887435,0.623493,0.7708432
