model,uom,mae,mse,rmes,r2
ChemProp_DMPNN,pic50,0.386881,0.386881,0.621998,0.705966
svm,pic50,0.340651244,0.453961195,0.673766425,0.654984355
xgboost,pic50,0.367540665,0.397635324,0.63058332,0.697792709
rf,pic50,0.313533403,0.406968418,0.637940764,0.690699399
