model,uom,mae,mse,rmes,r2
ChemProp_DMPNN,pic50,0.142961,0.160895,0.401117,0.775834
MPNN_net,pic50,0.2095659,0.24841,0.4984075,0.653904
xgboost,pic50,0.179176668,0.173256991,0.416241506,0.758610606
rf,pic50,0.139825216,0.198002985,0.444975264,0.724133193
