model,uom,mae,mse,rmes,r2
ChemProp_DMPNN,pic50,0.36169,0.321251,0.56679,0.842924
MPNN_net,pic50,0.4386791,0.4621808,0.6798388,0.7740158
svm,pic50,0.3874657,0.4156071,0.644676,0.7967882
xgboost,pic50,0.3950373,0.3580951,0.5984105,0.8249089
rf,pic50,0.343298,0.3510255,0.5924741,0.8283654
