model,uom,mae,mse,rmes,r2
ChemProp_DMPNN,pic50,0.385193,0.464868,0.681812,0.797814
MPNN_net,pic50,0.4453691,0.6895119,0.8303686,0.7001085
svm,pic50,0.370825,0.543406,0.7371608,0.7636548
xgboost,pic50,0.3711809,0.4186386,0.6470229,0.8179203
rf,pic50,0.2999065,0.3759147,0.6131188,0.8365022
