model,uom,mae,mse,rmes,r2
ChemProp_DMPNN,pic50,0.404177,0.448246,0.669511,0.69265
svm,pic50,0.414953473,0.450141951,0.670926189,0.691349924
xgboost,pic50,0.393053866,0.396024551,0.629304815,0.728456676
rf,pic50,0.346480578,0.337313488,0.580786955,0.768713355
