model,uom,mae,mse,rmes,r2
ChemProp_DMPNN,pic50,0.384132,0.401027,0.633267,0.845526
MPNN_net,pic50,0.522236,0.8028582,0.8960236,0.6907426
svm,pic50,0.3959922,0.5352158,0.7315844,0.7938374
xgboost,pic50,0.4065211,0.4981797,0.7058184,0.8081034
rf,pic50,0.3545653,0.4767704,0.6904856,0.81635
