model,uom,mae,mse,rmes,r2
ChemProp_DMPNN,pic50,0.331802,0.326228,0.571164,0.796316
svm,pic50,0.336013472,0.29665161,0.544657333,0.814782083
xgboost,pic50,0.349870199,0.298509069,0.546359835,0.813622415
rf,pic50,0.294555802,0.258963619,0.508884682,0.838312984
