model,uom,mae,mse,rmes,r2
svm,pic50,0.567699554,0.646261425,0.803903866,0.576024592
xgboost,pic50,0.552613722,0.58903828,0.767488293,0.613565445
rf,pic50,0.508048508,0.550366912,0.74186718,0.638935506
