model,uom,mae,mse,rmes,r2
ChemProp_DMPNN,pic50,0.539299,0.770585,0.87783,0.698028
xgboost,pic50,0.547055,0.7476648,0.8646761,0.7070103
rf,pic50,0.4867517,0.7592495,0.8713492,0.7024705
