model,uom,mae,mse,rmes,r2
ChemProp_DMPNN,pic50,0.475254,0.569093,0.754383,0.736496
MPNN_net,pic50,0.5319096,0.7272715,0.8528022,0.6632557
svm,pic50,0.4996343,0.6566218,0.810322,0.6959685
xgboost,pic50,0.4876875,0.5799325,0.761533,0.7314774
rf,pic50,0.4470867,0.5682411,0.7538177,0.7368909
