model,uom,mae,mse,rmes,r2
ChemProp_DMPNN,pic50,0.457257,0.491089,0.700777,0.780038
MPNN_net,pic50,0.4924818,0.609884,0.7809507,0.7268283
svm,pic50,0.4812777,0.5906543,0.7685404,0.7354412
xgboost,pic50,0.4789087,0.4885222,0.6989436,0.7811871
rf,pic50,0.4050181,0.4700033,0.6855679,0.789482
