model,uom,mae,mse,rmes,r2
ChemProp_DMPNN,pic50,0.499993,0.528802,0.727188,0.792917
MPNN_net,pic50,0.5536115,0.7223217,0.8498951,0.7171326
svm,pic50,0.4974064,0.6892251,0.8301958,0.7300934
xgboost,pic50,0.4890727,0.7180708,0.5156257,0.7980766
rf,pic50,0.4336278,0.5419994,0.7362061,0.7877483
