model,uom,mae,mse,rmes,r2
ChemProp_DMPNN,pic50,0.239165,0.203233,0.450814,0.874042
MPNN_net,pic50,0.3599028,0.3430653,0.5857178,0.787379
svm,pic50,0.2338165,0.2166011,0.4654042,0.8657574
xgboost,pic50,0.2467349,0.1981965,0.4451927,0.8771639
rf,pic50,0.1921904,0.1909906,0.4370247,0.88163
