model,uom,mae,mse,rmes,r2
ChemProp_DMPNN,pic50,0.330473,0.252671,0.502664,0.897017
MPNN_net,pic50,0.4030243,0.3874082,0.6224212,0.842101
svm,pic50,0.3347512,0.2978324,0.5457402,0.8786101
xgboost,pic50,0.3451833,0.2617254,0.5115911,0.8933266
rf,pic50,0.3225896,0.2797229,0.5288883,0.8859912
