model,uom,mae,mse,rmes,r2
ChemProp_DMPNN,pic50,0.239512,0.13712,0.370297,0.850946
MPNN_net,pic50,0.3470294,0.261858,0.5117207,0.7153508
svm,pic50,0.223956,0.1570209,0.3962586,0.8293124
xgboost,pic50,0.2504207,0.1558184,0.3947384,0.8306198
rf,pic50,0.2002059,0.1338253,0.3658214,0.8545271
