model,uom,mae,mse,rmes,r2
ChemProp_DMPNN,pic50,0.357267,0.345651,0.587921,0.816145
MPNN_net,pic50,0.4207339,0.4454892,0.6674498,0.7630404
svm,pic50,0.3611999,0.3893917,0.6240126,0.7928791
xgboost,pic50,0.3802182,0.3596974,0.5997478,0.8086739
rf,pic50,0.321512,0.334241,0.5781358,0.8222141
