model,uom,mae,mse,rmes,r2
ChemProp_DMPNN,pic50,0.36199,0.286661,0.535408,0.775374
MPNN_net,pic50,0.4138228,0.3592883,0.5994066,0.7184642
svm,pic50,0.4223222,0.3836801,0.6194192,0.6993511
xgboost,pic50,0.4041388,0.3328688,0.5769479,0.7391663
rf,pic50,0.3686605,0.3085727,0.5554932,0.7582045
