model,uom,mae,mse,rmes,r2
ChemProp_DMPNN,pic50,0.404799,0.363236,0.60269,0.770589
MPNN_net,pic50,0.473287,0.4739163,0.6884158,0.7006851
svm,pic50,0.446822,0.3986858,0.6314157,0.7481992
xgboost,pic50,0.4392407,0.3900033,0.6245025,0.7536827
rf,pic50,0.3881752,0.3408847,0.5838533,0.784705
