model,uom,mae,mse,rmes,r2
ChemProp_DMPNN,pic50,0.408599,0.328452,0.573107,0.798228
MPNN_net,pic50,0.5026191,0.532027,0.7294018,0.6731697
svm,pic50,0.4639388,0.4501348,0.6709208,0.7234771
xgboost,pic50,0.4495877,0.3846563,0.6202067,0.7637013
rf,pic50,0.3884438,0.3540925,0.5950568,0.7824768
