model,uom,mae,mse,rmes,r2
ChemProp_DMPNN,pic50,0.32751,0.282159,0.531187,0.902114
MPNN_net,pic50,0.3735872,0.3753289,0.6126409,0.869791
svm,pic50,0.3136896,0.3136981,0.5600876,0.8911722
xgboost,pic50,0.3149145,0.2520531,0.5020489,0.912558
rf,pic50,0.2773852,0.2531126,0.503103,0.9121903
