model,uom,mae,mse,rmes,r2
ChemProp_DMPNN,pic50,0.399232,0.359749,0.599791,0.819354
MPNN_net,pic50,0.4366529,0.4717491,0.6868399,0.7631139
svm,pic50,0.3957351,0.4091268,0.6396302,0.7945593
xgboost,pic50,0.3940871,0.3468991,0.5889814,0.8258066
rf,pic50,0.3380489,0.3447901,0.5871883,0.8268654
