model,uom,mae,mse,rmes,r2
ChemProp_DMPNN,pic50,0.39234,0.371872,0.609813,0.795693
MPNN_net,pic50,0.4280429,0.4367905,0.6609013,0.7600263
svm,pic50,0.3957287,0.4224164,0.6499357,0.7679234
xgboost,pic50,0.410582,0.3844593,0.6200478,0.7887772
rf,pic50,0.3642208,0.3824511,0.6184263,0.7898806
