model,uom,mae,mse,rmes,r2
ChemProp_DMPNN,pic50,0.41088,0.447015,0.668592,0.781511
MPNN_net,pic50,0.4643105,0.5275049,0.7262954,0.7421697
svm,pic50,0.4170856,0.4456371,0.6675606,0.7821845
xgboost,pic50,0.4232339,0.4091456,0.6396449,0.8000204
rf,pic50,0.3994817,0.4252696,0.6521269,0.7921395
