model,uom,mae,mse,rmes,r2
ChemProp_DMPNN,pic50,0.301941,0.232929,0.482627,0.844637
MPNN_net,pic50,0.377184,0.3932571,0.6271021,0.7376986
svm,pic50,0.289688324,0.260124222,0.510023746,0.826497853
xgboost,pic50,0.285673581,0.214992087,0.463672392,0.856600821
rf,pic50,0.243462236,0.204675006,0.452410218,0.863482475
