model,uom,mae,mse,rmes,r2
ChemProp_DMPNN,pic50,0.395156,0.336435,0.58003,0.74242
xgboost,pic50,0.387190707,0.329450728,0.573977985,0.747767389
rf,pic50,0.365124642,0.310829266,0.557520641,0.762024343
