model,uom,mae,mse,rmes,r2
ChemProp_DMPNN,pic50,0.50541,0.541551,0.735901,0.800023
MPNN_net,pic50,0.6299479,0.801165,0.8950782,0.7041566
svm,pic50,0.600546722,0.713653295,0.844780028,0.736471474
xgboost,pic50,0.541521661,0.571329354,0.755863317,0.789027095
rf,pic50,0.4837804,0.526287621,0.725456836,0.805659413
