model,uom,mae,mse,rmes,r2
ChemProp_DMPNN,pic50,0.429496,0.396715,0.629853,0.85316
MPNN_net,pic50,0.5850285,0.6708159,0.8190335,0.7517046
svm,pic50,0.484921758,0.529448526,0.727632137,0.804030478
xgboost,pic50,0.446962395,0.421825062,0.64948061,0.843866169
rf,pic50,0.417976929,0.436738682,0.660862075,0.838345706
