model,uom,mae,mse,rmes,r2
ChemProp_DMPNN,pic50,0.443364,0.446843,0.668463,0.759796
MPNN_net,pic50,0.5416379,0.6264407,0.7914801,0.6632521
svm,pic50,0.433230581,0.424533651,0.651562469,0.771788836
xgboost,pic50,0.442807113,0.435219922,0.659711999,0.766044497
rf,pic50,0.404137986,0.441413686,0.66438971,0.762715042
