model,uom,mae,mse,rmes,r2
ChemProp_DMPNN,pic50,0.581049,0.581049,0.762266,0.781975
MPNN_net,pic50,0.6097075,0.833963,0.9132158,0.6870754
svm,pic50,0.566833267,0.71771254,0.847179166,0.730695605
xgboost,pic50,0.549015901,0.600462173,0.774894943,0.774690986
rf,pic50,0.489015595,0.564020339,0.751012875,0.788364708
