model,uom,mae,mse,rmes,r2
ChemProp_DMPNN,pic50,0.45521,0.487728,0.698375,0.701517
svm,pic50,0.491903128,0.700747455,0.837106597,0.571151674
rf,pic50,0.453799389,0.488305834,0.698788833,0.701163352
