model,uom,mae,mse,rmes,r2
ChemProp_DMPNN,pic50,0.349837,0.26585,0.515607,0.837172
MPNN_net,pic50,0.416781,0.3622667,0.601886,0.7781194
svm,pic50,0.363011084,0.319874487,0.565574476,0.804083765
xgboost,pic50,0.333518741,0.23161444,0.481263379,0.858141065
rf,pic50,0.326703222,0.237110407,0.486939839,0.85477519
