model,uom,mae,mse,rmes,r2
ChemProp_DMPNN,pic50,0.337579,0.220507,0.469581,0.703485
svm,pic50,0.335879017,0.245098388,0.495074124,0.670416772
xgboost,pic50,0.344181802,0.236355679,0.486164251,0.682173133
rf,pic50,0.320425459,0.226742326,0.47617468,0.695100188
