model,uom,mae,mse,rmes,r2
ChemProp_DMPNN,pic50,0.343609,0.348217,0.590099,0.812773
MPNN_net,pic50,0.3893477,0.4250921,0.6519909,0.7714396
svm,pic50,0.3527078,0.407421,0.6382954,0.7809408
xgboost,pic50,0.3682397,0.3561187,0.5967568,0.8085244
rf,pic50,0.2974708,0.3249089,0.5700078,0.8253051
