model,uom,mae,mse,rmes,r2
ChemProp_DMPNN,pic50,0.325614,0.335797,0.57948,0.820366
MPNN_net,pic50,0.3659399,0.4609378,0.678924,0.7534218
svm,pic50,0.3121438,0.3985692,0.6313233,0.7867861
xgboost,pic50,0.291335,0.2421394,0.4920766,0.870468
rf,pic50,0.2289995,0.243065,0.4930162,0.8699726
