model,uom,mae,mse,rmes,r2
ChemProp_DMPNN,pic50,0.513416,0.742686,0.861792,0.695052
xgboost,pic50,0.517796847,0.698630836,0.835841394,0.713141382
rf,pic50,0.4904793,0.708576271,0.841769726,0.709057868
