model,uom,mae,mse,rmes,r2
ChemProp_DMPNN,pic50,0.385764,0.306203,0.553356,0.82443
MPNN_net,pic50,0.4226354,0.3635479,0.6029493,0.7915496
svm,pic50,0.3782009,0.3263427,0.5712641,0.8128824
xgboost,pic50,0.390007,0.3082098,0.5551665,0.8232796
rf,pic50,0.3517996,0.2985243,0.5463738,0.828833
