model,uom,mae,mse,rmes,r2
ChemProp_DMPNN,pic50,0.378688,0.313773,0.560154,0.794705
MPNN_net,pic50,0.4007679,0.403643,0.6353291,0.735904
svm,pic50,0.3733043,0.3559246,0.5965942,0.7671252
xgboost,pic50,0.3832305,0.3149739,0.5612253,0.7939186
rf,pic50,0.3375744,0.3014406,0.549036,0.8027735
