model,uom,mae,mse,rmes,r2
ChemProp_DMPNN,pic50,0.415994,0.34893,0.590703,0.808508
MPNN_net,pic50,0.4572672,0.4449373,0.6670362,0.7558184
svm,pic50,0.3984101,0.3417013,0.5845523,0.8124743
xgboost,pic50,0.4066565,0.3385802,0.5818764,0.814187
rf,pic50,0.3684812,0.324425,0.5695832,0.8219556
