model,uom,mae,mse,rmes,r2
ChemProp_DMPNN,pic50,0.337854,0.265239,0.515014,0.802801
MPNN_net,pic50,0.3679623,0.329529,0.5740461,0.7550029
svm,pic50,0.3329848,0.2785671,0.5277946,0.7928918
xgboost,pic50,0.3354096,0.2436394,0.4935984,0.8188599
rf,pic50,0.3018081,0.2400334,0.489932,0.8215408
