model,uom,mae,mse,rmes,r2
ChemProp_DMPNN,pic50,0.396885,0.405989,0.637173,0.776525
MPNN_net,pic50,0.5376838,0.6093345,0.7805988,0.6645944
svm,pic50,0.363862427,0.396832694,0.629946581,0.781565249
xgboost,pic50,0.417095292,0.420993456,0.648840085,0.768265963
rf,pic50,0.358564511,0.430803756,0.656356424,0.76286608
