model,uom,mae,mse,rmes,r2
ChemProp_DMPNN,pic50,0.494869,0.574807,0.758161,0.758161
svm,pic50,0.40575759,0.437471667,0.661416409,0.602024615
rf,pic50,0.399191284,0.467927372,0.68405217,0.574318647
