model,uom,mae,mse,rmes,r2
DMPNN_Change,pic50,0.388992,0.346113,0.588314,0.718453
xgboost,pic50,0.377692543,0.36307275,0.602555184,0.704657495
rf,pic50,0.345996182,0.356978103,0.597476446,0.709615052
