model,uom,mae,mse,rmes,r2
ChemProp_DMPNN,pic50,0.58299,0.90033,0.948857,0.722496
svm,pic50,0.5785727,1.0919797,1.0449783,0.6634245
xgboost,pic50,0.5921521,0.8908304,0.9438381,0.7254238
rf,pic50,0.5326315,0.9028231,0.9501701,0.7217273
