model,uom,mae,mse,rmes,r2
ChemProp_DMPNN,pic50,0.309017,0.221882,0.471043,0.902949
MPNN_net,pic50,0.4636763,0.434995,0.6595415,0.8097335
svm,pic50,0.3414911,0.2813913,0.5304633,0.8769197
xgboost,pic50,0.3420339,0.2647503,0.5145389,0.8841982
rf,pic50,0.3102977,0.2654445,0.5152131,0.8838949
