model,uom,mae,mse,rmes,r2
ChemProp_DMPNN,pic50,0.310096,0.245968,0.495951,0.855014
MPNN_net,pic50,0.3363933,0.2958905,0.5439582,0.8255873
svm,pic50,0.30550719,0.266213578,0.515958892,0.843080342
xgboost,pic50,0.329880737,0.247765833,0.49776082,0.853954375
rf,pic50,0.282424562,0.240577909,0.49048742,0.858191371
