model,uom,mae,mse,rmes,r2
ChemProp_DMPNN,pic50,0.152761,0.118482,0.344212,0.835765
svm,pic50,0.166768931,0.11245608,0.335344718,0.844117641
xgboost,pic50,0.190038039,0.120432559,0.347033945,0.83306098
rf,pic50,0.159463135,0.14219444,0.377086781,0.802895486
