model,uom,mae,mse,rmes,r2
ChemProp_DMPNN,pic50,0.322676,0.356141,0.596776,0.782533
MPNN_net,pic50,0.3593566,0.4016603,0.6337668,0.7547378
svm,pic50,0.2667494,0.2779582,0.5272174,0.8302731
xgboost,pic50,0.2945977,0.2915313,0.5399364,0.8219848
rf,pic50,0.2356312,0.2248716,0.4742062,0.8626887
