model,uom,mae,mse,rmes,r2
ChemProp_DMPNN,pic50,0.248202,0.267228,0.516941,0.837714
MPNN_net,pic50,0.3035775,0.3855834,0.6209536,0.7658384
svm,pic50,0.2518184,0.3495086,0.5911925,0.7877464
xgboost,pic50,0.2571516,0.2462144,0.4961999,0.8504763
rf,pic50,0.2135471,0.2392218,0.4891031,0.8547227
