model,uom,mae,mse,rmes,r2
ChemProp_DMPNN,pic50,0.008921,0.001175,0.03428,0.836762
MPNN_net,pic50,0.0100473,0.0012193,0.0349179,0.8306324
svm,pic50,0.01483153,0.001718443,0.041454108,0.76129055
xgboost,pic50,0.012372771,0.001389186,0.037271787,0.807027757
rf,pic50,0.008378567,0.001452862,0.038116427,0.798182487
