model,uom,mae,mse,rmes,r2
ChemProp_DMPNN,pic50,0.36866,0.366379,0.605292,0.815416
MPNN_net,pic50,0.3923372,0.4700733,0.6856189,0.7631735
svm,pic50,0.3858513,0.477944,0.6913349,0.7592083
xgboost,pic50,0.4034525,0.397187,0.6302277,0.7998942
rf,pic50,0.3309607,0.3776419,0.6145257,0.8097411
