model,uom,mae,mse,rmes,r2
ChemProp_DMPNN,pic50,0.242803,0.127569,0.357167,0.919353
MPNN_net,pic50,0.4066184,0.347154,0.5891978,0.7805329
svm,pic50,0.251826425,0.176122719,0.419669773,0.888657033
xgboost,pic50,0.254727059,0.1434601,0.37876127,0.90930593
rf,pic50,0.197399494,0.142269524,0.377186326,0.910058856
