model,uom,mae,mse,rmes,r2
ChemProp_DMPNN,ic50,0.158709,0.056725,0.23817,0.602774
svm,ic50,0.1354294,0.0555937,0.2357831,0.6106951
xgboost,ic50,0.1462216,0.0518123,0.2276231,0.6371749
rf,ic50,0.1276542,0.0501414,0.2239227,0.6488758
