model,uom,mae,mse,rmes,r2
ChemProp_DMPNN,ic50,0.012459,0.000755,0.027474,0.880027
MPNN_net,ic50,0.0145018,0.0013277,0.0364371,0.7889813
svm,ic50,0.0138784,0.0005618,0.023702,0.9107101
xgboost,ic50,0.012278,0.0256638,0.0256638,0.8953171
rf,ic50,0.0095664,0.0007844,0.0280071,0.8753273
