model,uom,mae,mse,rmes,r2
ChemProp_DMPNN,ic50,0.007339,0.003593,0.059938,0.701858
MPNN_net,ic50,0.0076567,0.0039011,0.0624587,0.6762525
svm,ic50,0.0123791,0.0040479,0.0636233,0.6640669
xgboost,ic50,0.0062631,0.0024391,0.049387,0.7975837
rf,ic50,0.004659,0.0025498,0.0504957,0.788393
