model,uom,mae,mse,rmes,r2
ChemProp_DMPNN,ic50,0.059151,0.017861,0.133646,0.886947
MPNN_net,ic50,0.0513796,0.0213048,0.1459617,0.8651505
svm,ic50,0.0483087,0.0151754,0.1231886,0.9039468
xgboost,ic50,0.0562127,0.0191492,0.1383808,0.8787945
rf,ic50,0.0401792,0.0155564,0.1247252,0.9015357
