model,uom,mae,mse,rmes,r2
svm,ic50,0.1002372,0.0350963,0.1873401,0.5785434
xgboost,ic50,0.1169759,0.0389211,0.1972842,0.5326134
rf,ic50,0.1032475,0.034957,0.186968,0.5802156
