model,uom,mae,mse,rmes,r2
ChemProp_DMPNN,ic50,0.02379,0.005491,0.074103,0.628223
svm,ic50,0.0280672,0.0059957,0.0774321,0.5940694
xgboost,ic50,0.0334173,0.0066384,0.0814762,0.5505612
