model,uom,mae,mse,rmes,r2
ChemProp_DMPNN,ic50,0.090394,0.028441,0.168645,0.802945
MPNN_net,ic50,0.0990761,0.0387975,0.1969708,0.7311919
svm,ic50,0.078543175,0.02702194,0.164383516,0.812778533
xgboost,ic50,0.098916231,0.031099026,0.176349158,0.78453064
rf,ic50,0.078021787,0.030326436,0.17414487,0.789883554
