model,uom,mae,mse,rmes,r2
ChemProp_DMPNN,ic50,0.010699,0.000741,0.027228,0.926965
MPNN_net,ic50,0.0115681,0.001452,0.0381049,0.8569576
svm,ic50,0.013608684,0.000605387,0.024604622,0.940360129
xgboost,ic50,0.012940878,0.000697422,0.026408756,0.931293368
rf,ic50,0.008621346,0.000688888,0.026246677,0.932133853
