model,uom,mae,mse,rmes,r2
svm,ic50,0.1230946,0.0472403,0.2173483,0.5906721
xgboost,ic50,0.1439663,0.0523769,0.22886,0.5461644
rf,ic50,0.1217991,0.0494543,0.2223833,0.5714875
