model,uom,mae,mse,rmes,r2
ChemProp_DMPNN,ic50,0.015851,0.002683,0.051794,0.665467
MPNN_net,ic50,0.0188561,0.0035393,0.0594918,0.5586472
svm,ic50,0.0184613,0.0017697,0.0420682,0.7793113
xgboost,ic50,0.0171318,0.0014784,0.0384503,0.8156378
rf,ic50,0.0123971,0.0014183,0.0376601,0.8231378
