model,uom,mae,mse,rmes,r2
ChemProp_DMPNN,ic50,0.009449,0.000553,0.023514,0.916415
MPNN_net,ic50,0.0110026,0.0006537,0.0255685,0.896205
svm,ic50,0.014240998,0.000660612,0.025702367,0.895115197
xgboost,ic50,0.013635336,0.000852644,0.029200074,0.864626527
rf,ic50,0.009202942,0.000849264,0.029142135,0.865163028
