model,uom,mae,mse,rmes,r2
ChemProp_DMPNN,ic50,0.0305,0.110771,0.174644,0.674903
MPNN_net,ic50,0.1058808,0.0350508,0.1872185,0.6264023
svm,ic50,0.086861473,0.025683188,0.160259752,0.72624898
xgboost,ic50,0.100267201,0.029395755,0.171451904,0.686677873
rf,ic50,0.085137252,0.028325099,0.168300621,0.698089659
