model,uom,mae,mse,rmes,r2
ChemProp_DMPNN,ic50,0.005015,8.4e-05,0.009168,0.878639
MPNN_net,ic50,0.0067234,0.0001268,0.0112624,0.8168678
svm,ic50,0.0080793,0.0001278,0.011306,0.8154471
xgboost,ic50,0.0055292,9.26e-05,0.009622,0.86633
rf,ic50,0.0040121,0.0001118,0.0105747,0.8385488
