model,uom,mae,mse,rmes,r2
svm,ic50,0.0931369,0.0321809,0.1793904,0.5714895
xgboost,ic50,0.1059781,0.032266,0.1796274,0.5703568
rf,ic50,0.0910602,0.0314931,0.177463,0.5806485
