model,uom,mae,mse,rmes,r2
ChemProp_DMPNN,ic50,0.128797,0.040002,0.200005,0.731668
MPNN_net,ic50,0.12436,0.0460202,0.2145232,0.6912967
svm,ic50,0.1026051,0.0360838,0.1899573,0.7579502
xgboost,ic50,0.1255546,0.0379871,0.1949029,0.7451824
rf,ic50,0.1054609,0.0373145,0.1931697,0.7496944
