model,uom,mae,mse,rmes,r2
ChemProp_DMPNN,ic50,0.015231,0.001391,0.03729,0.685257
MPNN_net,ic50,0.0131419,0.0010417,0.0322751,0.7642165
svm,ic50,0.0165122,0.001464,0.0382625,0.668621
xgboost,ic50,0.0170864,0.0018495,0.0430063,0.581359
rf,ic50,0.013497,0.0016911,0.0411232,0.617218
