model,uom,mae,mse,rmes,r2
ChemProp_DMPNN,ic50,0.008571,0.000522,0.022856,0.819436
MPNN_net,ic50,0.0088175,0.000649,0.0254755,0.7756726
svm,ic50,0.010967,0.0005438,0.0233202,0.8120239
xgboost,ic50,0.0083428,0.0005761,0.0240012,0.8008851
rf,ic50,0.0061289,0.0006751,0.0259828,0.7666492
