model,uom,mae,mse,rmes,r2
ChemProp_DMPNN,ic50,0.007621,0.000307,0.017508,0.889077
MPNN_net,ic50,0.008468,0.0003037,0.0174258,0.8901212
svm,ic50,0.0123453,0.0004198,0.0204895,0.848088
xgboost,ic50,0.0107843,0.0004483,0.0211721,0.837798
rf,ic50,0.0086182,0.0004998,0.0223551,0.8191642
