model,uom,mae,mse,rmes,r2
svm,ic50,0.0873361,0.0314878,0.177448,0.5549326
xgboost,ic50,0.1025645,0.0317572,0.1782055,0.5511247
rf,ic50,0.0898045,0.0320471,0.179017,0.5470272
