model,uom,mae,mse,rmes,r2
ChemProp_DMPNN,ic50,0.144541,0.049513,0.222515,0.61843
MPNN_net,ic50,0.1381301,0.0563088,0.2372947,0.5660577
svm,ic50,0.1216862,0.0441984,0.2102341,0.6593863
xgboost,ic50,0.1406374,0.0450996,0.2123668,0.6524408
rf,ic50,0.1184636,0.0413025,0.2032302,0.6817032
