model,uom,mae,mse,rmes,r2
ChemProp_DMPNN,ic50,0.090361,0.029324,0.171243,0.603688
svm,ic50,0.07831,0.0284958,0.1688071,0.6148816
xgboost,ic50,0.0933738,0.028541,0.1689409,0.614271
rf,ic50,0.0806094,0.0313259,0.1769914,0.5766331
