model,uom,mae,mse,rmes,r2
ChemProp_DMPNN,ic50,0.011584,0.001664,0.040798,0.910882
MPNN_net,ic50,0.0148121,0.0030804,0.0555015,0.8350677
svm,ic50,0.0152793,0.0012733,0.0356836,0.9318237
xgboost,ic50,0.0147127,0.002332,0.048291,0.8751384
rf,ic50,0.0108206,0.0022353,0.0472793,0.880315
