model,uom,mae,mse,rmes,r2
ChemProp_DMPNN,ic50,0.008921,0.001175,0.03428,0.836762
MPNN_net,ic50,0.0100473,0.0012193,0.0349179,0.8306324
svm,ic50,0.0148315,0.0017184,0.0414541,0.7612906
xgboost,ic50,0.0123728,0.0013892,0.0372718,0.8070278
rf,ic50,0.0083786,0.0014529,0.0381164,0.7981825
