model,uom,mae,mse,rmes,r2
ChemProp_DMPNN,ic50,0.134807,0.045814,0.214042,0.614929
svm,ic50,0.1139934,0.0434689,0.2084919,0.6346381
xgboost,ic50,0.1335509,0.0431163,0.2076447,0.6376016
rf,ic50,0.1144837,0.0416174,0.2040035,0.6502
